{"pages":["pages/index/index","pages/otp/otp","pages/profile/profile","pages/id_front/id_front","pages/id_back/id_back","pages/detail/detail"],"style":"v2","sitemapLocation":"sitemap.json","entryPagePath":"pages/index/index.html","page":{"pages/index/index.html":{"window":{"usingComponents":{}}},"pages/otp/otp.html":{"window":{"navigationBarTitleText":"Otp page"}},"pages/profile/profile.html":{"window":{"navigationBarTitleText":"Profile page"}},"pages/id_front/id_front.html":{"window":{"navigationBarTitleText":"Id page"}},"pages/id_back/id_back.html":{"window":{"navigationBarTitleText":"Id page"}},"pages/detail/detail.html":{"window":{"navigationBarTitleText":"Detail page"}}},"global":{"window":{"backgroundTextStyle":"dark","navigationBarBackgroundColor":"#fff","navigationBarTitleText":"","navigationBarTextStyle":"black","capsuleTheme":"light"}}}